,AK_positiveIncrease,AL_positiveIncrease,AR_positiveIncrease,AS_positiveIncrease,AZ_positiveIncrease,CA_positiveIncrease,CO_positiveIncrease,CT_positiveIncrease,DC_positiveIncrease,DE_positiveIncrease,FL_positiveIncrease,GA_positiveIncrease,GU_positiveIncrease,HI_positiveIncrease,IA_positiveIncrease,ID_positiveIncrease,IL_positiveIncrease,IN_positiveIncrease,KS_positiveIncrease,KY_positiveIncrease,LA_positiveIncrease,MA_positiveIncrease,MD_positiveIncrease,ME_positiveIncrease,MI_positiveIncrease,MN_positiveIncrease,MO_positiveIncrease,MP_positiveIncrease,MS_positiveIncrease,MT_positiveIncrease,NC_positiveIncrease,ND_positiveIncrease,NE_positiveIncrease,NH_positiveIncrease,NJ_positiveIncrease,NM_positiveIncrease,NV_positiveIncrease,NY_positiveIncrease,OH_positiveIncrease,OK_positiveIncrease,OR_positiveIncrease,PA_positiveIncrease,PR_positiveIncrease,RI_positiveIncrease,SC_positiveIncrease,SD_positiveIncrease,TN_positiveIncrease,TX_positiveIncrease,UT_positiveIncrease,VA_positiveIncrease,VI_positiveIncrease,VT_positiveIncrease,WA_positiveIncrease,WI_positiveIncrease,WV_positiveIncrease,WY_positiveIncrease
2020-01-22,0,0,0,0,0,0,0,0,0,0,0,0,0,0,0,0,0,0,0,0,0,0,0,0,0,0,0,0,0,0,0,0,0,0,0,0,0,0,0,0,0,0,0,0,0,0,0,0,0,0,0,0,0,0,0,0
2020-01-23,0,0,0,0,0,0,0,0,0,0,0,0,0,0,0,0,0,0,0,0,0,0,0,0,0,0,0,0,0,0,0,0,0,0,0,0,0,0,0,0,0,0,0,0,0,0,0,0,0,0,0,0,0,0,0,0
2020-01-24,0,0,0,0,0,0,0,0,0,0,0,0,0,0,0,0,0,0,0,0,0,0,0,0,0,0,0,0,0,0,0,0,0,0,0,0,0,0,0,0,0,0,0,0,0,0,0,0,0,0,0,0,0,0,0,0
2020-01-25,0,0,0,0,0,0,0,0,0,0,0,0,0,0,0,0,0,0,0,0,0,0,0,0,0,0,0,0,0,0,0,0,0,0,0,0,0,0,0,0,0,0,0,0,0,0,0,0,0,0,0,0,0,0,0,0
2020-01-26,0,0,0,0,0,0,0,0,0,0,0,0,0,0,0,0,0,0,0,0,0,0,0,0,0,0,0,0,0,0,0,0,0,0,0,0,0,0,0,0,0,0,0,0,0,0,0,0,0,0,0,0,0,0,0,0
2020-01-27,0,0,0,0,0,0,0,0,0,0,0,0,0,0,0,0,0,0,0,0,0,0,0,0,0,0,0,0,0,0,0,0,0,0,0,0,0,0,0,0,0,0,0,0,0,0,0,0,0,0,0,0,0,0,0,0
2020-01-28,0,0,0,0,0,0,0,0,0,0,0,0,0,0,0,0,0,0,0,0,0,0,0,0,0,0,0,0,0,0,0,0,0,0,0,0,0,0,0,0,0,0,0,0,0,0,0,0,0,0,0,0,0,0,0,0
2020-01-29,0,0,0,0,0,0,0,0,0,0,0,0,0,0,0,0,0,0,0,0,0,0,0,0,0,0,0,0,0,0,0,0,0,0,0,0,0,0,0,0,0,0,0,0,0,0,0,0,0,0,0,0,0,0,0,0
2020-01-30,0,0,0,0,0,0,0,0,0,0,0,0,0,0,0,0,0,0,0,0,0,0,0,0,0,0,0,0,0,0,0,0,0,0,0,0,0,0,0,0,0,0,0,0,0,0,0,0,0,0,0,0,0,0,0,0
2020-01-31,0,0,0,0,0,0,0,0,0,0,0,0,0,0,0,0,0,0,0,0,0,0,0,0,0,0,0,0,0,0,0,0,0,0,0,0,0,0,0,0,0,0,0,0,0,0,0,0,0,0,0,0,0,0,0,0
2020-02-01,0,0,0,0,0,0,0,0,0,0,0,0,0,0,0,0,0,0,0,0,0,0,0,0,0,0,0,0,0,0,0,0,0,0,0,0,0,0,0,0,0,0,0,0,0,0,0,0,0,0,0,0,0,0,0,0
2020-02-02,0,0,0,0,0,0,0,0,0,0,0,0,0,0,0,0,0,0,0,0,0,0,0,0,0,0,0,0,0,0,0,0,0,0,0,0,0,0,0,0,0,0,0,0,0,0,0,0,0,0,0,0,0,0,0,0
2020-02-03,0,0,0,0,0,0,0,0,0,0,0,0,0,0,0,0,0,0,0,0,0,0,0,0,0,0,0,0,0,0,0,0,0,0,0,0,0,0,0,0,0,0,0,0,0,0,0,0,0,0,0,0,0,0,0,0
2020-02-04,0,0,0,0,0,0,0,0,0,0,0,0,0,0,0,0,0,0,0,0,0,0,0,0,0,0,0,0,0,0,0,0,0,0,0,0,0,0,0,0,0,0,0,0,0,0,0,0,0,0,0,0,0,0,0,0
2020-02-05,0,0,0,0,0,0,0,0,0,0,0,0,0,0,0,0,0,0,0,0,0,0,0,0,0,0,0,0,0,0,0,0,0,0,0,0,0,0,0,0,0,0,0,0,0,0,0,0,0,0,0,0,0,0,0,0
2020-02-06,0,0,0,0,0,0,0,0,0,0,0,0,0,0,0,0,0,0,0,0,0,0,0,0,0,0,0,0,0,0,0,0,0,0,0,0,0,0,0,0,0,0,0,0,0,0,0,0,0,0,0,0,0,0,0,0
2020-02-07,0,0,0,0,0,0,0,0,0,0,0,0,0,0,0,0,0,0,0,0,0,0,0,0,0,0,0,0,0,0,0,0,0,0,0,0,0,0,0,0,0,0,0,0,0,0,0,0,0,0,0,0,0,0,0,0
2020-02-08,0,0,0,0,0,0,0,0,0,0,0,0,0,0,0,0,0,0,0,0,0,0,0,0,0,0,0,0,0,0,0,0,0,0,0,0,0,0,0,0,0,0,0,0,0,0,0,0,0,0,0,0,0,0,0,0
2020-02-09,0,0,0,0,0,0,0,0,0,0,0,0,0,0,0,0,0,0,0,0,0,0,0,0,0,0,0,0,0,0,0,0,0,0,0,0,0,0,0,0,0,0,0,0,0,0,0,0,0,0,0,0,0,0,0,0
2020-02-10,0,0,0,0,0,0,0,0,0,0,0,0,0,0,0,0,0,0,0,0,0,0,0,0,0,0,0,0,0,0,0,0,0,0,0,0,0,0,0,0,0,0,0,0,0,0,0,0,0,0,0,0,0,0,0,0
2020-02-11,0,0,0,0,0,0,0,0,0,0,0,0,0,0,0,0,0,0,0,0,0,0,0,0,0,0,0,0,0,0,0,0,0,0,0,0,0,0,0,0,0,0,0,0,0,0,0,0,0,0,0,0,0,0,0,0
2020-02-12,0,0,0,0,0,0,0,0,0,0,0,0,0,0,0,0,0,0,0,0,0,0,0,0,0,0,0,0,0,0,0,0,0,0,0,0,0,0,0,0,0,0,0,0,0,0,0,0,0,0,0,0,0,0,0,0
2020-02-13,0,0,0,0,0,0,0,0,0,0,0,0,0,0,0,0,0,0,0,0,0,0,0,0,0,0,0,0,0,0,0,0,0,0,0,0,0,0,0,0,0,0,0,0,0,0,0,0,0,0,0,0,0,0,0,0
2020-02-14,0,0,0,0,0,0,0,0,0,0,0,0,0,0,0,0,0,0,0,0,0,0,0,0,0,0,0,0,0,0,0,0,0,0,0,0,0,0,0,0,0,0,0,0,0,0,0,0,0,0,0,0,0,0,0,0
2020-02-15,0,0,0,0,0,0,0,0,0,0,0,0,0,0,0,0,0,0,0,0,0,0,0,0,0,0,0,0,0,0,0,0,0,0,0,0,0,0,0,0,0,0,0,0,0,0,0,0,0,0,0,0,0,0,0,0
2020-02-16,0,0,0,0,0,0,0,0,0,0,0,0,0,0,0,0,0,0,0,0,0,0,0,0,0,0,0,0,0,0,0,0,0,0,0,0,0,0,0,0,0,0,0,0,0,0,0,0,0,0,0,0,0,0,0,0
2020-02-17,0,0,0,0,0,0,0,0,0,0,0,0,0,0,0,0,0,0,0,0,0,0,0,0,0,0,0,0,0,0,0,0,0,0,0,0,0,0,0,0,0,0,0,0,0,0,0,0,0,0,0,0,0,0,0,0
2020-02-18,0,0,0,0,0,0,0,0,0,0,0,0,0,0,0,0,0,0,0,0,0,0,0,0,0,0,0,0,0,0,0,0,0,0,0,0,0,0,0,0,0,0,0,0,0,0,0,0,0,0,0,0,0,0,0,0
2020-02-19,0,0,0,0,0,0,0,0,0,0,0,0,0,0,0,0,0,0,0,0,0,0,0,0,0,0,0,0,0,0,0,0,0,0,0,0,0,0,0,0,0,0,0,0,0,0,0,0,0,0,0,0,0,0,0,0
2020-02-20,0,0,0,0,0,0,0,0,0,0,0,0,0,0,0,0,0,0,0,0,0,0,0,0,0,0,0,0,0,0,0,0,0,0,0,0,0,0,0,0,0,0,0,0,0,0,0,0,0,0,0,0,0,0,0,0
2020-02-21,0,0,0,0,0,0,0,0,0,0,0,0,0,0,0,0,0,0,0,0,0,0,0,0,0,0,0,0,0,0,0,0,0,0,0,0,0,0,0,0,0,0,0,0,0,0,0,0,0,0,0,0,0,0,0,0
2020-02-22,0,0,0,0,0,0,0,0,0,0,0,0,0,0,0,0,0,0,0,0,0,0,0,0,0,0,0,0,0,0,0,0,0,0,0,0,0,0,0,0,0,0,0,0,0,0,0,0,0,0,0,0,0,0,0,0
2020-02-23,0,0,0,0,0,0,0,0,0,0,0,0,0,0,0,0,0,0,0,0,0,0,0,0,0,0,0,0,0,0,0,0,0,0,0,0,0,0,0,0,0,0,0,0,0,0,0,0,0,0,0,0,0,0,0,0
2020-02-24,0,0,0,0,0,0,0,0,0,0,0,0,0,0,0,0,0,0,0,0,0,0,0,0,0,0,0,0,0,0,0,0,0,0,0,0,0,0,0,0,0,0,0,0,0,0,0,0,0,0,0,0,0,0,0,0
2020-02-25,0,0,0,0,0,0,0,0,0,0,0,0,0,0,0,0,0,0,0,0,0,0,0,0,0,0,0,0,0,0,0,0,0,0,0,0,0,0,0,0,0,0,0,0,0,0,0,0,0,0,0,0,0,0,0,0
2020-02-26,0,0,0,0,0,0,0,0,0,0,0,0,0,0,0,0,0,0,0,0,0,0,0,0,0,0,0,0,0,0,0,0,0,0,0,0,0,0,0,0,0,0,0,0,0,0,0,0,0,0,0,0,0,0,0,0
2020-02-27,0,0,0,0,0,0,0,0,0,0,0,0,0,0,0,0,0,0,0,0,0,0,0,0,0,0,0,0,0,0,0,0,0,0,0,0,0,0,0,0,0,0,0,0,0,0,0,0,0,0,0,0,0,0,0,0
2020-02-28,0,0,0,0,0,0,0,0,0,0,0,0,0,0,0,0,0,0,0,0,0,0,0,0,0,0,0,0,0,0,0,0,0,0,0,0,0,0,0,0,0,0,0,0,0,0,0,0,0,0,0,0,0,0,0,0
2020-02-29,0,0,0,0,0,0,0,0,0,0,0,0,0,0,0,0,0,0,0,0,0,0,0,0,0,0,0,0,0,0,0,0,0,0,0,0,0,0,0,0,0,0,0,0,0,0,0,0,0,0,0,0,18,0,0,0
2020-03-01,0,0,0,0,0,0,0,0,0,0,0,0,0,0,0,0,0,0,0,0,0,0,0,0,0,0,0,0,0,0,0,0,0,0,0,0,0,0,0,0,0,0,0,0,0,0,0,0,0,0,0,0,16,0,0,0
2020-03-02,0,0,0,0,0,0,0,0,0,0,0,0,0,0,0,0,0,0,0,0,0,0,0,0,13,0,0,0,0,0,0,0,0,0,0,0,0,0,0,0,0,0,0,0,0,0,0,0,0,0,0,0,31,0,0,0
2020-03-03,0,0,0,0,0,0,0,0,0,0,0,0,0,0,0,0,0,0,0,0,0,0,0,0,23,0,0,0,0,0,0,0,0,0,0,0,0,0,0,0,0,0,0,0,0,0,0,0,0,0,0,0,25,0,0,0
2020-03-04,0,0,0,0,0,0,0,0,0,0,0,0,0,0,0,0,0,0,0,0,0,0,0,0,24,0,0,0,0,0,0,0,0,0,0,0,0,0,0,0,0,0,0,0,0,0,0,0,0,0,0,0,38,0,0,0
2020-03-05,0,0,0,0,0,0,0,0,0,0,7,0,0,0,0,0,1,0,0,0,0,0,0,0,26,0,0,0,0,0,0,0,0,0,1,0,0,16,0,0,0,0,0,1,0,0,0,0,0,0,0,0,51,0,0,0
2020-03-06,0,0,0,0,1,7,0,0,0,0,0,0,0,0,0,0,0,0,0,0,0,0,3,0,40,0,0,0,0,0,1,0,0,0,0,0,2,11,0,0,0,0,0,0,0,0,0,4,0,0,0,0,39,0,0,0
2020-03-07,0,0,0,0,2,9,6,0,0,0,5,4,0,0,0,0,1,0,0,1,0,0,0,0,48,1,0,0,0,0,0,0,1,0,3,0,1,43,0,0,4,2,0,0,2,0,0,3,0,0,0,1,38,0,0,0
2020-03-08,0,0,0,0,0,19,0,1,1,0,3,1,0,0,0,0,0,1,1,0,0,0,0,0,63,0,1,0,0,0,0,0,0,2,2,0,0,29,0,0,7,2,0,0,0,0,2,0,0,2,0,0,61,0,0,0
2020-03-09,0,0,0,0,0,26,1,0,0,0,1,5,0,1,3,0,1,0,0,3,1,0,2,0,121,3,0,0,0,0,0,0,2,0,5,0,1,37,3,0,0,4,0,1,5,0,0,4,0,1,0,0,61,0,0,0
2020-03-10,0,0,0,0,1,19,3,1,4,0,1,5,0,0,5,0,12,4,0,2,0,0,1,0,156,6,0,0,0,0,5,0,0,0,4,0,0,31,0,1,1,2,0,1,0,0,4,1,1,5,0,0,110,1,0,0
2020-03-11,0,0,0,0,3,24,16,1,0,1,9,5,0,0,5,0,0,4,0,2,5,0,3,0,199,10,0,0,0,0,0,0,2,0,9,3,4,43,1,0,4,4,0,0,2,5,0,8,0,1,0,1,134,1,0,0
2020-03-12,0,0,6,0,0,45,17,3,5,3,4,9,0,0,1,0,6,2,3,0,8,8,3,1,270,22,0,0,1,1,5,1,5,2,6,2,3,0,1,1,0,6,0,8,1,3,11,2,2,8,0,0,179,6,0,1
2020-03-13,1,1,3,0,0,0,27,0,0,0,18,11,0,0,2,0,7,0,2,3,22,15,5,2,364,19,1,0,3,0,3,0,3,0,20,5,10,205,8,0,11,19,0,6,2,1,8,16,2,13,0,3,217,14,0,0
2020-03-14,0,5,3,0,3,50,29,5,0,2,27,24,0,0,1,2,14,3,0,3,15,15,9,0,367,28,2,0,2,4,8,0,1,1,0,0,12,103,0,1,0,6,0,0,1,0,6,12,0,0,0,3,156,0,0,1
2020-03-15,0,6,4,0,0,41,30,9,6,0,39,33,0,0,1,3,18,4,2,2,39,26,5,0,460,38,1,0,4,2,9,0,3,6,48,3,11,205,23,5,6,16,0,1,6,0,7,5,22,15,0,4,108,14,0,1
2020-03-16,0,16,6,0,6,42,0,6,1,2,25,22,0,5,4,0,29,5,3,5,25,33,6,14,707,51,1,0,2,0,1,0,1,0,80,4,18,221,14,1,3,13,0,2,9,1,13,1,11,6,0,5,300,19,0,0
2020-03-17,2,8,0,0,2,148,29,15,5,8,45,25,2,3,1,2,66,6,4,1,22,21,20,15,764,67,2,0,9,1,7,0,3,4,89,6,10,750,17,7,8,20,0,11,5,1,21,7,12,16,1,2,264,27,0,7
2020-03-18,3,10,11,0,8,128,23,27,9,9,128,51,3,4,6,2,129,9,1,4,103,38,28,11,872,23,5,0,13,2,23,5,3,9,160,5,5,682,21,12,28,37,0,11,27,0,25,19,12,10,0,2,289,38,1,5
2020-03-19,0,22,13,0,16,313,33,28,8,5,76,90,4,2,9,2,134,17,18,9,107,73,22,10,745,18,11,0,16,2,34,9,3,13,315,7,23,1770,31,15,13,52,0,17,0,0,56,60,15,17,1,7,333,53,1,3
2020-03-20,6,13,50,0,21,139,61,98,32,8,130,133,2,10,7,12,163,23,10,12,126,85,42,4,943,16,23,0,30,4,40,5,5,5,148,8,8,2950,50,5,26,83,9,13,21,3,74,51,34,20,0,16,303,61,5,1
2020-03-21,2,43,22,0,39,216,86,0,6,7,138,87,1,11,23,8,168,47,11,7,107,112,41,16,804,24,26,0,60,4,47,8,6,11,437,14,15,3254,78,4,0,103,7,14,71,0,143,110,24,38,3,8,194,80,4,4
2020-03-22,8,14,47,0,48,257,112,29,21,11,172,93,12,11,22,11,296,75,9,45,257,121,54,16,799,22,17,0,67,11,71,0,10,10,587,0,30,4812,104,14,47,108,2,25,43,7,134,30,45,67,0,24,186,110,1,1
2020-03-23,0,29,9,0,113,197,116,192,18,12,341,172,2,8,15,5,224,58,18,5,335,131,44,18,1240,44,93,0,42,3,42,2,2,13,930,8,36,5707,91,14,30,165,8,16,103,7,110,18,76,35,11,21,463,41,4,2
2020-03-24,14,48,44,0,92,369,129,203,21,23,241,254,3,21,19,3,262,106,16,20,216,382,61,18,1093,51,0,0,71,12,101,3,2,23,831,18,88,4790,122,25,18,207,8,19,0,2,52,58,42,36,0,28,438,59,4,3
2020-03-25,6,68,62,0,93,253,192,257,46,24,270,221,5,13,21,23,330,112,28,33,407,679,74,24,1180,58,173,0,57,7,106,6,9,7,727,17,43,5146,140,58,0,276,12,28,126,11,117,564,47,101,0,35,440,142,19,15
2020-03-26,17,223,55,0,127,651,174,137,48,15,673,278,8,5,34,50,673,168,42,41,510,579,157,6,1140,63,146,0,108,18,132,13,12,29,2474,12,99,6447,163,84,118,560,13,41,32,5,173,422,56,69,0,25,435,139,12,9
2020-03-27,10,81,46,0,159,873,344,279,36,33,410,476,6,11,56,66,488,336,34,50,441,833,194,13,1324,75,167,0,94,37,127,9,12,21,1949,24,115,7377,270,74,87,531,15,31,0,12,246,335,78,144,2,28,464,163,25,17
2020-03-28,16,109,23,0,137,764,304,0,37,51,998,365,4,14,63,41,465,251,59,54,569,1007,218,43,1066,47,169,2,84,21,172,19,11,29,2299,55,86,7683,269,55,65,533,21,64,83,10,170,321,122,135,3,21,288,165,20,12
2020-03-29,17,110,22,0,46,1065,327,702,38,18,483,285,1,31,38,31,1105,282,58,92,225,698,247,42,919,38,0,0,95,25,105,17,12,27,2262,46,117,7195,247,52,69,643,27,105,235,22,164,500,117,151,1,22,242,142,17,4
2020-03-30,12,53,47,0,238,739,566,578,59,32,1227,158,2,24,88,49,461,272,49,45,485,797,174,22,1579,98,193,0,89,17,267,10,37,100,3250,0,258,6984,280,52,58,693,47,78,151,11,297,325,87,130,7,37,563,146,13,8
2020-03-31,5,122,50,0,132,1035,0,557,94,55,865,1120,11,29,73,105,937,373,60,41,1212,868,247,28,1291,93,296,0,90,13,191,10,27,0,2060,44,117,9298,266,84,84,756,65,73,158,7,405,389,81,230,0,27,465,163,36,15
2020-04-01,14,96,61,0,124,673,339,429,91,49,617,709,8,4,52,110,986,406,54,111,1187,1118,325,41,1592,57,254,4,136,24,86,22,38,101,3559,34,166,7917,348,154,46,962,47,100,210,21,444,731,125,234,0,39,450,236,29,21
2020-04-02,10,156,59,0,185,1036,376,267,67,25,1055,710,5,50,65,144,715,474,70,89,2726,1228,346,32,1130,83,253,2,104,19,273,20,36,0,3335,48,179,8669,355,160,90,1211,30,62,261,36,162,672,62,222,3,31,397,219,26,20
2020-04-03,14,199,61,0,171,1510,386,1090,104,57,1575,483,2,27,85,222,1209,398,68,90,1147,1436,427,56,1203,63,279,0,181,16,236,14,33,64,4305,40,56,10482,410,109,73,1404,62,101,0,22,222,661,172,306,5,70,415,223,20,12
2020-04-04,14,148,39,0,250,1325,445,362,145,143,1526,329,9,34,87,122,1453,516,78,61,2199,1334,367,24,1002,39,178,0,97,22,309,13,42,61,4229,92,228,10841,427,171,100,1597,74,137,363,25,254,780,182,395,2,52,207,213,45,25
2020-04-05,14,216,87,0,250,1412,392,399,96,80,1040,487,19,32,82,64,899,458,49,86,514,765,484,14,877,59,76,0,183,21,183,21,42,81,3381,48,94,8327,304,93,69,1493,23,182,132,28,312,702,177,230,2,31,171,167,42,10
2020-04-06,6,172,45,0,187,898,385,1231,99,0,1173,667,1,20,78,24,1006,533,98,38,1857,1337,436,29,1327,113,355,0,100,13,285,18,46,48,3585,81,117,8658,407,75,64,1470,38,206,0,48,169,464,70,241,1,32,394,223,21,13
2020-04-07,22,151,71,0,119,1529,222,875,114,255,1423,1504,8,16,102,69,1287,563,55,53,1417,1365,326,20,1179,102,315,0,177,20,351,12,38,46,3326,62,134,8174,332,145,49,1579,60,261,368,32,336,986,63,455,0,33,413,198,67,6
2020-04-08,13,250,54,0,151,1092,257,0,229,0,708,1083,4,23,97,40,1529,436,146,141,746,1588,1158,18,1100,102,290,3,88,13,205,14,72,73,3021,108,231,10453,366,52,58,1680,47,273,135,73,224,1091,108,312,2,23,345,215,50,87
2020-04-09,9,400,119,0,292,1352,226,2003,83,279,909,665,3,25,125,22,1344,408,60,197,1253,2151,656,23,1032,103,212,0,257,22,225,18,48,0,3590,71,138,10621,364,160,82,1989,63,279,240,54,272,877,130,397,1,49,363,164,61,17
2020-04-10,11,199,52,0,94,1163,855,754,137,119,1167,917,2,7,118,121,1465,556,60,347,970,2035,783,26,1076,95,260,0,209,11,257,9,68,31,3561,226,128,10575,366,110,0,1751,42,404,273,89,228,1441,126,467,4,33,309,222,31,20
2020-04-11,11,223,55,0,281,1143,0,972,118,153,963,676,3,23,122,43,1293,528,102,0,761,1888,726,30,808,74,225,0,173,12,404,15,65,66,3563,0,116,9946,372,74,50,1676,63,280,142,90,252,890,104,568,1,20,155,157,23,3
2020-04-12,15,334,54,0,146,1179,383,525,97,0,861,293,0,21,77,11,1672,493,69,147,581,2615,531,17,686,58,136,0,139,10,208,15,91,44,3699,83,136,8236,354,102,156,1178,109,289,112,104,194,923,97,197,0,21,89,142,34,21
2020-04-13,5,209,130,0,163,554,791,1346,80,146,1246,863,0,13,123,19,1173,308,39,123,421,1413,711,65,1036,148,228,0,161,7,296,23,23,56,2734,71,135,6337,371,99,57,1366,6,187,0,138,302,422,60,473,0,7,371,116,15,9
2020-04-14,8,142,70,0,104,990,7,608,103,136,766,908,0,5,189,27,1222,291,50,85,502,1315,536,36,911,153,298,2,145,5,208,10,57,35,4240,100,117,7177,305,115,49,1146,20,267,234,120,213,718,49,424,0,9,302,166,14,10
2020-04-15,8,237,89,0,156,1086,250,766,139,253,1144,764,0,13,96,11,1346,428,68,162,433,1861,560,36,920,156,209,0,273,5,99,23,30,119,2206,62,123,11571,511,79,30,1145,51,307,103,180,256,868,130,329,0,9,328,207,62,10
2020-04-16,7,232,51,0,272,1758,339,1129,153,61,386,682,0,13,146,123,1140,587,94,81,581,2522,752,26,922,165,216,0,264,11,342,28,51,0,4287,77,110,8505,623,94,73,1245,69,392,0,143,183,963,141,389,0,13,309,183,37,8
2020-04-17,9,185,75,0,273,1346,395,925,126,248,1222,1525,0,11,191,22,1842,612,117,138,586,2633,788,31,865,182,172,0,169,7,394,46,114,148,3150,113,203,7358,693,108,49,1706,25,290,275,100,327,916,122,602,0,10,351,203,15,11
2020-04-18,5,125,44,0,212,1435,372,0,190,0,1150,475,0,12,181,46,1585,487,85,93,462,2402,736,20,709,120,234,1,181,4,281,90,72,0,2953,114,102,7090,1115,105,59,1628,50,283,315,131,173,889,126,562,2,11,175,174,31,10
2020-04-19,5,182,42,0,210,1370,386,741,127,215,727,632,0,21,389,13,1197,569,59,185,348,2293,522,20,528,126,150,0,300,7,353,56,149,55,3881,87,102,6054,1380,29,66,1215,95,339,131,93,308,663,138,484,0,4,96,163,78,4
2020-04-20,2,188,142,0,135,645,297,2265,134,207,664,646,0,6,257,4,1151,476,137,253,595,1596,854,8,937,276,140,0,238,0,271,42,187,50,3505,47,102,4726,1317,81,46,948,39,378,0,50,168,535,144,453,0,3,334,177,39,2
2020-04-21,8,206,304,0,187,2283,376,545,171,186,835,934,0,4,482,64,1551,411,39,90,331,1752,509,13,1095,262,134,0,204,4,187,18,174,99,3581,126,107,4178,806,127,46,1296,46,387,62,70,156,738,83,640,1,8,270,156,12,13
2020-04-22,6,234,49,0,208,2135,341,2109,108,269,814,859,1,2,107,30,2049,341,186,142,404,1745,582,19,1116,306,196,0,178,2,269,33,74,0,3478,101,144,5526,392,87,57,1156,-383,382,322,103,448,873,149,636,0,3,283,257,25,6
2020-04-23,2,313,189,0,310,1973,431,631,155,108,523,772,4,6,176,36,1826,601,271,181,481,3079,962,30,989,512,184,0,259,3,388,32,91,97,4124,138,127,6244,577,123,68,1369,0,419,156,98,424,875,167,732,0,3,274,245,28,6
2020-04-24,2,54,276,0,276,1885,384,821,167,134,1342,635,2,4,521,34,2724,641,295,108,401,2977,879,28,1036,518,304,0,281,2,444,38,311,82,2207,169,190,8130,475,104,50,1599,361,415,0,84,460,862,170,596,0,9,350,353,21,20
2020-04-25,0,305,88,0,235,1883,993,661,171,134,665,548,1,5,647,34,2119,715,279,298,372,2379,1150,25,533,339,201,0,284,1,571,56,297,50,3327,142,141,10553,418,72,76,1397,31,305,336,107,463,967,166,772,1,9,166,351,32,18
2020-04-26,2,133,112,0,246,1027,713,687,142,458,689,706,0,2,384,17,2126,617,118,126,261,1590,815,25,526,385,171,0,193,3,207,64,311,67,3515,139,63,5902,376,60,58,1116,64,276,237,65,478,858,175,604,2,3,113,248,24,11
2020-04-27,4,229,76,0,190,1300,473,0,51,128,610,512,1,3,392,10,1980,949,154,169,295,1524,906,8,920,675,174,0,183,1,312,75,296,77,2150,66,88,3951,362,27,43,885,18,203,0,33,251,666,110,565,2,7,369,198,19,18
2020-04-28,6,188,94,0,232,1567,438,1043,102,413,708,702,2,1,508,20,2219,627,163,72,218,1840,626,17,829,601,132,0,248,2,426,49,330,74,2668,97,115,3110,444,130,0,1214,11,324,123,68,134,874,110,804,0,0,295,230,16,16
2020-04-29,4,155,81,0,254,1469,437,455,112,80,347,1008,1,2,467,35,2253,594,247,229,374,1963,736,16,950,680,122,0,227,0,380,42,16,72,2408,151,93,4585,534,63,92,1102,33,372,268,60,314,883,152,622,3,4,328,269,16,8
2020-04-30,0,177,63,0,446,2417,442,933,217,79,497,532,1,4,302,32,2563,653,500,164,341,1940,893,39,1017,648,137,0,246,2,561,34,410,44,2388,239,100,4681,724,145,64,1397,106,348,214,76,369,1033,177,885,4,13,248,392,23,15
2020-05-01,9,139,66,0,314,1525,526,1064,335,184,1038,1115,0,5,739,31,3137,795,211,169,710,2106,1730,28,735,620,273,0,397,0,414,40,497,92,2538,198,229,3942,716,130,69,1208,36,317,163,76,1156,1142,156,1055,0,6,317,498,18,7
2020-05-02,1,276,51,0,402,1755,484,0,139,120,735,1036,2,1,757,20,2450,665,297,171,429,1952,1001,29,432,335,319,0,229,2,586,46,557,164,2527,102,84,4663,592,103,56,1334,182,189,231,63,770,1293,153,830,0,11,112,370,33,13
2020-05-03,3,291,59,0,276,1419,457,523,219,170,615,296,2,1,528,26,2994,638,284,0,200,1824,989,33,357,340,232,0,109,0,155,38,488,119,3027,219,112,3438,579,121,45,962,51,181,137,43,516,1026,194,940,0,5,84,307,22,7
2020-05-04,2,300,27,0,279,1321,410,0,154,80,819,766,-1,0,534,0,2341,574,215,251,333,1000,946,20,780,824,368,0,327,2,184,34,584,159,1525,118,68,2538,560,72,79,825,35,291,0,37,394,784,142,821,0,5,386,311,15,10
2020-05-05,1,260,38,0,386,1275,272,1334,152,83,542,343,0,1,408,45,2122,526,213,115,323,1184,709,21,688,641,162,0,330,-1,408,41,173,0,2324,181,103,2239,495,83,80,865,81,303,131,53,119,1037,132,764,0,3,258,358,32,8
2020-05-06,1,296,72,0,402,2603,457,374,139,407,563,985,2,4,293,21,2270,837,276,577,403,1754,1046,28,634,634,186,1,217,0,502,56,355,48,1297,107,69,2786,607,74,77,888,44,342,179,58,248,1053,146,0,0,5,289,366,10,27
2020-05-07,2,317,43,0,238,1799,466,789,193,161,826,743,0,1,655,31,2641,633,410,112,253,1696,1211,76,600,818,239,0,262,0,639,49,333,104,1745,153,103,3671,555,129,73,1070,63,271,0,126,158,968,129,1314,0,2,265,359,39,4
2020-05-08,3,323,83,0,581,1898,541,627,245,172,371,667,0,3,398,20,2887,643,357,195,203,1612,1111,44,618,712,148,0,404,2,471,53,419,103,1819,202,118,2758,885,94,79,1323,125,231,206,239,345,1219,195,772,2,2,253,409,23,9
2020-05-09,1,346,53,0,434,2049,456,573,203,166,802,426,0,0,214,27,2325,586,250,159,562,1410,1049,34,383,281,177,1,288,0,492,40,641,104,1631,180,144,2715,681,66,92,1078,17,286,389,249,327,1251,184,854,0,8,128,372,25,9
2020-05-10,1,210,0,0,159,2119,548,570,170,170,595,909,0,2,288,25,1656,394,197,152,183,1050,1053,28,301,231,178,0,123,0,404,26,403,64,1447,105,70,2273,384,99,68,1295,25,186,122,124,217,1009,148,885,1,0,62,292,25,9
2020-05-11,2,232,287,0,261,1259,328,211,117,118,386,486,0,1,414,0,1266,501,168,0,215,669,786,26,971,827,74,3,173,1,281,26,81,149,1413,85,54,1660,696,24,58,543,58,175,0,97,559,1000,111,989,0,1,296,226,6,7
2020-05-12,2,301,130,0,356,1443,176,568,96,176,941,708,1,2,539,30,4014,500,0,237,235,870,688,15,1637,664,88,0,234,2,301,52,257,0,798,206,159,1430,473,119,0,837,43,219,274,49,567,1179,70,730,0,2,250,211,5,6
2020-05-13,0,307,0,0,440,1759,278,522,99,211,479,697,0,1,377,33,1677,346,352,176,612,1165,751,38,817,729,136,0,182,1,470,74,120,79,817,143,83,2176,471,120,130,707,30,196,0,69,259,1355,188,946,0,1,308,318,27,13
2020-05-14,4,351,72,0,498,2023,318,609,152,271,808,526,1,3,386,31,3239,580,0,227,827,1685,1091,50,578,793,175,0,393,0,691,67,383,60,1144,152,105,2390,636,110,63,938,98,228,262,60,329,1448,129,1067,0,1,271,420,29,13
2020-05-15,1,248,227,0,495,1772,363,621,135,150,0,823,1,-1,374,27,2432,602,418,145,348,1239,1083,38,651,798,139,0,318,4,622,51,341,165,1201,139,115,2762,597,124,62,986,115,232,218,95,271,1347,164,859,0,1,263,475,14,15
2020-05-16,4,307,115,0,462,1857,394,618,171,174,1601,466,0,1,279,38,2088,625,0,219,280,1512,982,45,336,342,219,2,322,2,853,87,356,0,1184,159,95,2419,520,151,71,989,47,252,0,72,318,1801,155,1011,0,8,118,534,16,25
2020-05-17,4,248,181,0,306,2046,401,716,81,123,777,554,0,1,323,30,1734,498,0,244,315,1077,836,39,255,311,114,0,173,0,530,51,448,92,1245,195,148,1889,449,73,11,623,57,125,409,28,100,785,170,705,0,0,64,379,33,13
2020-05-18,3,315,54,0,233,1591,305,697,147,199,854,380,0,1,304,0,2294,477,454,0,277,1042,958,26,534,971,156,0,136,2,511,31,128,40,1705,81,49,1250,531,88,64,822,64,137,126,40,623,909,146,752,0,4,319,185,1,12
2020-05-19,0,290,110,0,396,1365,264,314,164,168,502,640,0,0,394,36,1545,450,0,381,329,873,1784,28,764,855,135,0,272,1,677,60,277,56,974,158,140,1474,498,91,39,610,95,215,114,58,367,1219,134,1005,0,0,298,250,18,10
2020-05-20,3,368,80,0,331,2262,280,587,117,157,527,926,11,1,265,21,2388,569,199,0,278,1045,777,78,575,767,152,0,263,7,422,81,221,69,1386,96,120,1525,484,43,75,0,61,187,0,92,154,1411,192,763,0,0,268,577,36,11
2020-05-21,0,375,455,0,418,2140,315,191,237,192,1204,758,0,2,556,30,2268,662,0,206,1188,1114,1208,58,459,973,108,1,255,1,738,95,276,147,1073,125,89,2088,731,148,16,1726,47,169,119,73,429,945,164,1229,0,6,296,523,48,14
2020-05-22,2,444,154,0,293,2247,394,432,105,143,776,813,0,4,334,28,2758,473,419,11,421,805,893,71,465,792,218,0,402,0,758,70,303,67,1247,155,146,1696,627,169,47,866,117,201,463,106,433,1181,183,813,0,2,313,548,23,2
2020-05-23,4,375,0,0,431,2187,296,382,73,161,676,914,0,-5,389,61,2352,492,0,140,115,773,1071,65,218,391,194,0,381,0,1107,49,237,154,385,153,295,1772,614,111,24,725,70,108,257,112,395,1060,203,799,0,2,149,503,101,10
2020-05-24,0,389,310,0,300,2079,477,446,0,119,740,706,1,1,359,31,2508,475,0,145,129,1013,818,42,164,356,236,0,247,0,497,54,327,0,1050,170,74,1589,503,77,39,730,89,84,201,95,356,839,132,495,0,2,101,410,42,25
2020-05-25,1,403,107,0,222,1848,210,405,259,156,879,506,0,0,325,0,1713,339,260,0,640,596,839,19,175,403,179,0,206,0,742,40,145,60,938,148,109,1249,566,53,22,473,71,70,82,23,462,623,129,1483,0,6,149,318,15,5
2020-05-26,2,666,151,0,222,2175,95,430,109,101,509,386,3,0,126,0,1178,363,0,0,245,422,535,35,443,784,124,0,273,0,176,43,221,48,672,83,118,1072,529,47,18,451,64,154,238,67,358,589,99,1615,0,5,398,296,80,7
2020-05-27,1,447,97,0,479,2247,296,-15,72,30,379,691,1,0,657,73,1111,359,119,506,443,527,736,28,386,680,201,0,313,2,488,17,264,34,864,104,116,1129,433,92,71,780,73,133,207,57,341,1361,86,907,0,4,351,646,13,10
2020-05-28,13,467,261,0,501,2717,202,271,86,75,651,649,2,1,213,32,1527,631,0,0,305,675,1286,52,336,571,181,0,328,4,784,41,357,55,1187,122,95,1768,476,41,48,625,89,132,165,83,373,1855,215,1152,0,3,300,564,39,16
2020-05-29,5,513,0,0,702,2189,354,203,46,65,1212,600,0,3,353,38,1622,490,382,107,0,617,1279,37,319,454,122,0,418,8,1076,40,285,100,1029,112,142,1551,651,68,45,1297,161,178,343,73,406,1230,343,1132,0,1,345,766,45,15
2020-05-30,4,536,475,0,790,2992,492,260,179,186,927,616,1,2,318,34,1462,653,0,280,775,789,1027,56,205,168,167,0,439,12,1185,34,393,106,764,129,145,1376,468,80,54,692,71,104,263,94,481,1332,269,1078,0,2,148,539,23,7
2020-05-31,0,544,240,0,681,3705,485,179,84,76,739,700,0,2,308,36,1343,363,0,240,339,664,763,43,247,141,185,0,272,10,916,23,251,53,837,131,98,1110,479,88,58,515,58,76,467,33,440,1949,264,996,0,4,100,182,36,5
2020-06-01,33,460,190,0,187,2423,280,542,56,107,667,632,2,1,145,0,974,256,292,342,425,3840,549,24,245,575,180,0,251,4,674,47,196,106,473,65,95,941,471,67,59,352,97,99,287,41,548,593,202,791,1,2,410,172,7,7
2020-06-02,20,279,0,0,1127,2304,199,236,29,80,617,589,2,0,319,67,1614,407,0,139,405,358,848,28,290,479,248,1,268,4,626,22,244,34,627,111,142,1329,366,119,33,612,62,107,267,33,821,1688,203,841,0,5,415,419,24,2
2020-06-03,18,209,624,0,983,2377,211,112,130,27,1317,687,1,1,39,27,982,475,159,225,387,429,807,41,279,513,192,0,302,2,888,33,266,64,523,224,101,1045,442,113,64,512,88,105,236,95,447,1703,295,666,0,2,383,506,30,3
2020-06-04,8,221,0,0,520,2120,272,148,104,34,1419,953,1,0,750,57,929,384,0,295,429,471,876,28,234,401,290,3,238,14,1189,26,255,46,462,116,159,1048,490,102,75,538,485,117,354,85,298,1649,316,951,1,36,330,532,21,6
2020-06-05,11,315,584,0,1579,3094,300,221,79,27,1305,774,0,2,347,64,1156,482,223,272,427,494,912,36,205,398,196,0,199,2,1289,40,251,81,806,213,176,1075,476,0,96,445,112,105,448,30,400,1693,439,676,0,1,393,406,27,12
2020-06-06,12,656,450,0,1119,3115,255,358,70,72,1270,688,0,9,326,57,975,419,0,310,497,575,712,42,93,165,189,0,10,-1,1370,71,262,143,557,319,194,1108,353,96,92,701,295,68,463,90,551,1940,546,865,0,19,162,338,12,6
2020-06-07,8,457,325,0,1438,2796,233,150,63,97,1180,589,0,9,189,28,867,400,0,0,330,304,491,46,55,135,111,1,501,5,921,44,164,0,271,128,189,781,365,147,146,506,70,49,370,71,310,1425,268,1284,0,17,110,275,13,8
2020-06-08,19,425,314,0,789,2507,153,124,57,30,966,599,0,2,320,0,1382,226,257,189,234,190,431,18,135,448,181,1,498,3,938,19,91,24,333,140,137,702,361,55,114,351,61,45,514,33,563,638,256,570,0,12,510,222,9,13
2020-06-09,10,497,340,0,618,2170,182,87,85,48,1096,752,1,1,249,50,797,410,0,232,562,263,500,18,63,430,179,2,0,6,676,22,118,36,299,122,244,683,325,158,66,493,139,68,428,52,631,1637,237,487,0,9,408,300,16,10
2020-06-10,20,567,288,0,1556,2702,164,168,63,36,1371,731,2,6,315,31,625,304,162,175,418,267,561,31,15,333,274,0,715,7,1011,40,131,53,550,43,134,674,413,117,72,410,144,104,531,81,486,2504,305,439,1,11,368,336,19,10
2020-06-11,18,856,448,0,1412,3090,152,114,52,50,1698,993,1,3,387,40,766,411,0,62,442,511,732,30,267,219,203,0,0,2,1310,38,142,46,470,145,235,736,429,146,177,467,23,87,682,61,477,1826,388,470,0,15,400,371,24,29
2020-06-12,14,865,731,0,1654,2702,148,228,65,67,1902,810,1,7,399,42,732,398,235,0,523,392,416,54,223,45,195,0,608,10,1768,36,290,31,348,276,277,822,420,222,140,66,184,81,729,77,588,2097,325,564,0,9,388,354,21,18
2020-06-13,29,891,0,0,1540,3660,175,305,55,56,2581,1018,1,14,380,51,673,397,0,500,1288,336,692,36,164,2,225,0,257,15,1427,42,198,42,441,0,270,916,424,225,158,463,154,49,785,91,415,2331,404,658,0,6,193,294,26,23
2020-06-14,7,1014,954,0,1233,3212,195,94,58,35,2016,880,0,17,209,46,672,366,0,0,336,208,396,36,218,6,0,0,168,13,1443,22,120,48,276,95,227,694,300,158,101,336,121,32,840,65,891,1843,332,637,0,2,136,251,30,10
2020-06-15,3,657,416,0,1014,2597,113,147,32,76,1758,733,0,5,127,0,473,521,372,202,553,87,331,17,31,222,379,0,283,8,983,22,92,46,222,102,106,620,428,186,184,323,79,76,583,30,728,1254,295,380,1,1,517,206,9,19
2020-06-16,12,640,274,0,2392,2108,169,114,19,63,2783,664,1,8,126,63,623,356,0,182,534,195,377,9,184,189,225,0,353,5,751,23,126,0,323,122,379,631,434,228,278,362,61,52,612,38,670,4098,329,445,0,3,494,298,43,10
2020-06-17,20,400,415,0,1827,3455,143,80,29,41,2610,952,2,4,282,78,546,227,262,166,928,266,560,17,228,414,211,0,489,16,1002,39,180,19,277,88,184,567,412,259,120,335,52,51,566,84,313,3129,407,444,0,-1,461,285,35,25
2020-06-18,12,894,322,0,2519,4084,231,11,56,55,3207,882,5,4,393,92,593,425,0,202,0,271,260,42,301,379,283,0,0,25,1333,29,195,72,404,132,234,618,700,450,148,418,108,71,992,59,686,3516,495,463,0,5,537,461,42,30
2020-06-19,14,796,703,0,3246,4317,228,117,49,112,3822,1097,7,18,421,111,831,308,378,257,-119,228,319,35,299,356,293,0,0,11,1652,32,189,14,389,88,410,796,609,352,206,526,84,59,1083,49,1188,3454,586,555,1,9,517,323,17,29
2020-06-20,21,547,511,0,3109,3893,286,158,32,70,4049,1800,22,27,221,128,634,315,0,176,870,286,408,25,448,436,389,0,0,32,1549,25,176,36,338,107,445,716,531,331,178,504,268,36,1155,67,429,4430,643,650,0,3,314,413,51,6
2020-06-21,12,472,0,0,2592,4515,162,40,36,94,3494,892,0,14,467,135,658,362,0,120,393,125,350,19,166,453,413,0,0,19,1412,37,116,32,308,305,274,664,546,478,187,464,62,27,907,72,656,3866,394,551,2,12,189,289,57,18
2020-06-22,6,433,941,0,2196,4230,190,27,38,45,2926,1227,2,11,88,0,462,210,406,89,461,149,297,14,246,307,140,0,1646,23,804,25,103,26,273,0,330,552,729,218,146,456,39,59,1008,29,451,3280,444,471,0,4,719,263,9,33
2020-06-23,17,643,595,0,3593,5019,166,117,36,27,3286,1750,1,2,322,248,601,238,0,302,1356,229,404,23,240,242,0,0,611,3,848,7,147,14,319,129,462,597,590,295,191,510,121,77,912,27,750,5489,394,529,0,1,616,297,30,24
2020-06-24,14,967,697,0,1795,7149,188,14,34,42,5511,1703,6,3,332,148,715,269,505,222,882,172,330,23,358,294,725,0,526,23,1721,41,135,13,158,144,595,581,632,482,170,495,135,51,1284,66,932,5551,484,520,2,20,675,466,47,28
2020-06-25,24,1142,687,0,3056,5349,262,81,31,91,5004,1714,14,16,492,243,894,515,0,254,938,226,440,53,434,360,553,0,1092,37,1009,32,129,27,304,152,887,749,892,438,124,579,57,45,1125,60,799,5996,590,432,2,7,660,464,32,44
2020-06-26,20,977,0,0,3518,4890,324,65,26,37,8942,1900,3,15,489,220,910,485,568,242,1354,233,338,32,340,493,493,0,550,26,1635,28,125,73,388,202,381,805,987,395,250,600,45,69,1313,56,1410,5707,676,624,1,7,620,563,51,42
2020-06-27,18,900,678,0,3503,5972,317,147,31,74,9585,1990,0,16,326,283,786,435,0,0,0,373,335,52,350,417,347,0,465,23,1719,37,178,0,289,216,479,703,817,299,276,0,144,36,1604,91,728,5747,578,677,0,2,489,559,49,24
2020-06-28,29,358,570,0,3857,4810,226,97,32,135,8530,2225,0,6,477,171,646,355,0,373,1467,224,327,37,267,516,314,0,361,11,1605,35,251,46,309,211,821,616,854,302,247,1126,123,22,1381,55,0,5357,472,489,0,2,264,480,56,25
2020-06-29,21,1734,947,0,625,8009,285,59,44,150,5266,2207,7,27,293,0,738,298,905,115,845,101,477,28,277,312,468,0,675,56,1342,46,124,43,90,190,734,391,737,228,144,492,61,36,1324,35,2125,4283,564,453,0,6,984,326,53,33
2020-06-30,36,870,520,0,4682,9480,204,152,35,98,6093,1874,4,1,225,433,724,366,0,277,1014,114,305,34,505,442,508,0,680,48,1186,38,143,0,395,173,562,524,743,585,171,618,215,40,1755,48,1212,6975,553,598,3,0,902,629,35,37
2020-07-01,38,917,420,0,4877,7407,204,58,38,36,6563,2946,8,17,444,365,828,358,547,218,2083,261,359,41,361,413,376,0,653,49,1843,39,135,22,261,165,645,625,1076,355,275,636,72,65,1520,62,1806,8076,499,416,6,2,878,563,27,27
2020-07-02,39,1149,878,0,3333,6408,314,74,25,221,10109,3472,13,9,758,253,869,435,0,237,1383,195,505,34,589,494,356,0,870,67,1629,43,133,20,428,129,632,875,1301,427,363,832,71,59,1782,67,1575,7915,554,532,2,17,869,584,121,36
2020-07-03,46,1754,547,0,4433,5688,323,71,45,192,9488,2784,6,20,220,223,937,528,929,297,1728,290,538,45,497,414,547,1,0,45,2099,63,142,20,386,244,985,918,1091,526,342,667,75,22,1831,85,1822,7555,596,658,6,9,443,622,73,32
2020-07-04,48,997,587,0,2695,9153,267,0,12,73,11458,2826,2,29,612,401,862,517,0,0,0,210,380,24,406,0,385,0,1904,39,1413,57,208,35,291,256,857,726,926,580,294,634,104,27,1854,50,1428,8258,676,716,13,2,231,776,15,24
2020-07-05,27,1091,0,0,3536,8597,247,0,35,132,10059,2197,0,24,312,376,639,576,0,0,1937,136,291,18,360,512,221,0,226,45,1329,36,167,0,369,287,843,533,968,283,300,479,129,24,1461,35,1291,3449,410,639,0,11,293,533,121,28
2020-07-06,0,925,1044,0,3352,5699,199,259,33,165,6336,1548,13,24,304,363,614,323,982,776,1101,163,272,8,328,433,420,0,357,37,1546,33,102,40,209,193,491,518,805,434,165,450,669,55,1533,42,724,5318,517,354,1,2,969,490,180,41
2020-07-07,46,907,259,0,3653,6090,192,57,54,121,7347,3406,2,7,372,319,587,295,0,367,1936,201,492,17,631,564,773,0,957,78,1346,51,117,17,267,251,876,588,948,858,210,995,129,41,972,58,1359,10028,564,638,4,3,1047,535,19,36
2020-07-08,42,1177,0,0,3520,11694,407,75,73,48,9989,3420,4,41,480,487,980,437,717,400,1888,264,465,20,651,456,575,0,674,44,1435,73,155,18,161,220,516,692,1277,673,212,849,31,0,1557,79,2472,9979,722,635,6,2,960,645,246,29
2020-07-09,46,2212,1540,0,4057,7031,452,101,37,69,8935,2837,2,23,731,430,1018,512,0,326,1843,295,586,26,512,574,795,0,703,95,2039,99,224,20,201,290,603,584,1150,603,371,719,117,39,1782,94,1605,9782,601,613,22,16,842,800,119,34
2020-07-10,51,1334,751,0,4221,7798,409,78,64,121,11433,4484,1,36,744,459,1327,725,993,425,2642,213,463,13,622,604,0,0,1031,127,1982,84,198,21,388,234,1004,786,1525,596,266,1009,275,69,1728,65,1955,9765,867,943,9,5,841,889,157,16
2020-07-11,62,1439,0,0,3038,8047,666,0,58,91,10360,3190,2,28,663,500,1195,779,0,451,2167,288,557,21,685,804,1134,0,797,84,2462,88,154,18,331,298,930,730,1358,687,397,813,229,0,2280,53,1460,10351,632,851,14,6,526,981,91,49
2020-07-12,94,1640,1564,0,2537,8460,400,0,46,61,15300,2525,0,42,424,577,954,533,0,268,1319,199,642,19,406,710,310,2,868,81,1908,91,221,33,339,224,845,677,1378,456,319,577,288,0,1949,45,954,8196,629,888,14,13,334,797,133,23
2020-07-13,60,1958,572,0,1357,8358,322,223,59,75,12624,3643,0,20,458,397,883,425,1447,264,1705,230,418,19,422,491,447,0,393,85,1827,102,174,30,224,255,832,557,1261,510,268,476,356,175,1520,25,3314,5655,546,972,25,5,1070,505,52,42
2020-07-14,40,1710,794,0,4273,7346,329,20,40,90,9194,3394,0,23,320,500,707,648,0,570,2215,303,733,8,666,398,936,0,862,109,1956,54,227,14,393,263,1104,912,1142,993,367,929,113,101,2221,48,1514,10745,448,801,0,4,948,967,148,47
2020-07-15,52,1812,564,0,3257,11126,444,106,80,81,10181,3871,1,21,442,316,1187,685,875,454,2089,217,756,12,1049,572,888,3,1025,144,1782,72,318,23,363,223,849,831,1316,1075,276,994,256,52,1856,80,2273,7307,413,1084,37,13,962,848,150,34
2020-07-16,401,2021,817,0,3259,8544,469,114,50,64,13965,3441,1,28,841,727,1257,710,0,406,2280,234,648,20,926,605,708,0,1230,135,2160,103,262,22,223,327,1447,769,1290,628,428,781,195,71,1838,42,2479,10291,954,904,6,7,825,942,100,41
2020-07-17,49,2003,648,0,3910,9986,571,143,39,223,11466,3908,0,19,590,688,1427,733,1032,522,2179,298,707,38,754,666,866,1,1032,135,2051,122,155,52,50,297,1380,776,1679,699,293,1032,546,82,1977,95,2279,14916,727,1002,14,9,878,929,126,43
2020-07-18,78,2143,0,0,2742,9199,618,0,79,92,10328,4689,1,23,185,619,1276,841,0,579,0,359,835,10,745,457,960,0,1017,105,2481,116,227,0,263,318,1182,754,1542,916,347,763,333,0,1552,73,2517,10158,760,940,20,4,524,1031,111,39
2020-07-19,118,1777,771,0,2359,9329,444,0,67,90,12478,3251,0,20,816,550,965,917,0,977,3116,296,925,41,530,734,846,0,792,62,1820,113,120,38,-31,280,1288,502,1110,209,430,786,610,0,2374,44,1779,7300,785,1057,14,12,334,849,148,18
2020-07-20,137,1880,1394,0,1559,6846,354,162,78,0,10347,2452,4,27,443,571,1173,635,1369,253,3186,255,554,24,527,903,530,0,1251,88,1268,107,102,0,180,235,948,519,1236,168,268,711,398,111,1459,37,1639,7404,409,945,7,10,990,727,100,61
2020-07-21,111,1467,728,0,3500,9231,424,41,88,227,9440,3413,8,12,308,393,955,710,0,646,1691,244,860,12,664,350,1138,1,1635,91,1815,82,264,46,293,244,815,855,1047,893,292,1027,479,82,1892,76,2190,9305,486,996,4,6,1084,1161,57,51
2020-07-22,94,1455,591,0,1926,12807,493,127,102,46,9785,3314,3,25,319,556,1598,757,770,480,2771,287,627,0,671,504,1301,0,1547,101,2140,159,343,13,389,302,1129,705,1527,975,254,631,98,76,1705,58,2473,9879,566,1022,12,0,1016,747,7,50
2020-07-23,65,2399,1013,0,2335,12040,639,9,42,132,10249,4286,2,17,841,500,1624,929,0,607,2296,327,664,14,701,760,1637,0,982,97,1892,125,296,33,242,311,1262,811,1444,668,320,962,435,86,1564,66,2570,9507,521,844,16,11,871,1086,344,59
2020-07-24,64,1793,990,0,3357,9718,616,544,78,278,12444,4813,5,55,637,414,1599,996,1005,784,2084,338,930,20,641,767,1652,0,1610,129,2102,122,332,23,458,335,966,753,1560,1147,391,1213,494,76,2001,57,2091,8701,863,1127,0,8,793,1058,145,58
2020-07-25,120,2125,0,0,3740,10066,666,0,68,-27,12199,3787,0,59,400,528,1426,922,0,833,0,283,1288,33,0,803,1357,1,1434,221,2097,121,356,97,513,312,931,750,1438,965,388,1054,573,0,1401,105,1718,6020,661,1245,16,11,482,988,126,41
2020-07-26,234,1164,1374,0,1973,8259,809,0,63,115,9344,2765,0,71,529,563,1541,852,0,315,3840,369,694,24,1589,862,1218,1,1207,82,1621,140,221,21,505,313,1018,536,889,1204,266,800,603,0,1191,90,3140,5810,350,958,9,4,321,965,139,29
2020-07-27,104,1821,824,0,1813,6891,547,207,78,116,8892,2890,9,63,354,350,1231,535,1063,522,2343,289,1128,18,512,650,1123,0,653,39,1625,112,223,0,449,254,997,608,1104,1401,330,839,288,291,1218,49,2553,4267,436,1505,3,2,973,601,94,45
2020-07-28,144,1251,734,0,2107,6000,229,94,87,70,9230,4209,3,28,223,517,1076,771,0,525,1121,256,648,6,785,478,1773,0,1342,94,1749,151,281,64,483,460,1105,534,1320,1089,328,1120,409,210,1692,48,2555,8342,446,922,11,3,909,783,119,69
2020-07-29,92,1416,787,0,2339,8755,749,463,54,126,9446,3271,2,46,500,528,1393,621,698,601,1735,502,761,28,1016,666,1927,0,1505,201,1763,89,258,0,471,289,870,715,1396,848,305,834,221,75,1737,149,1778,9042,339,999,10,1,875,924,153,39
2020-07-30,117,1980,791,0,2525,10197,482,130,58,87,9956,3963,3,108,761,457,1772,954,0,659,1708,414,892,22,807,745,2084,2,1775,138,2344,73,265,13,204,345,1018,777,1733,1117,410,860,511,150,1726,44,2049,8800,502,911,0,1,733,1091,96,58
2020-07-31,118,1961,752,0,3212,8086,408,140,69,99,9007,4066,2,124,544,567,1980,901,942,765,1799,514,1169,24,793,771,1489,0,1168,151,1954,167,344,31,690,252,1264,644,1533,747,361,970,209,72,1444,79,3088,8839,500,984,21,7,687,855,220,40
2020-08-01,150,1626,662,0,2992,6542,605,0,79,89,9642,3660,11,122,394,475,1639,968,0,572,0,428,1019,25,758,725,935,0,1134,116,1730,132,445,69,369,212,986,753,928,1244,325,888,1091,0,1583,103,2225,9539,506,913,15,7,410,1124,93,43
2020-08-02,157,2095,0,0,1465,9032,458,0,69,72,7104,3165,0,86,516,393,1467,735,0,462,3467,418,909,21,429,759,582,3,672,112,1341,56,180,0,321,196,1131,531,944,494,280,654,539,0,1189,88,1443,0,473,981,0,5,228,932,119,39
2020-08-03,80,1217,1424,0,1030,5739,449,252,39,106,4752,2258,1,45,349,230,1298,576,1064,323,1099,199,870,12,613,613,1047,1,572,40,1313,127,311,21,264,220,994,545,932,377,269,565,380,224,1163,65,1009,11529,354,1324,18,1,840,411,119,40
2020-08-04,61,1041,784,0,1008,4526,252,48,85,82,5446,2513,7,206,201,331,1471,822,0,689,3615,546,710,5,801,602,1193,0,1074,81,1629,149,254,26,356,114,980,746,1143,861,333,854,533,144,1239,59,1805,9167,378,1145,24,4,839,770,78,36
2020-08-05,58,952,912,0,1698,5295,426,115,45,159,5409,3765,14,143,617,559,1759,720,841,544,1482,440,572,17,718,617,1241,0,1245,115,1127,122,222,33,357,210,649,636,1199,1101,280,705,327,91,1282,89,1657,8706,421,798,18,5,725,939,108,39
2020-08-06,40,1938,735,0,1444,5258,594,20,75,69,7650,3182,8,172,702,473,1953,1040,0,513,1303,231,579,5,763,861,1062,1,956,173,1979,122,311,26,374,226,729,703,1166,837,246,807,283,130,1325,105,2252,7598,587,818,20,9,706,875,118,35
2020-08-07,65,1709,1011,0,1406,8436,448,75,71,80,7686,4109,14,151,504,692,2103,1239,921,542,1500,417,801,17,814,545,996,0,1036,155,1545,149,332,23,360,207,976,714,1204,854,411,758,752,127,1422,98,2432,7039,460,2015,21,3,659,1043,156,42
2020-08-08,85,86,0,0,1054,7371,457,0,64,57,8502,4423,1,201,418,523,2190,1033,0,782,0,420,775,12,721,916,0,1,1210,132,1954,180,283,76,368,192,886,703,1294,825,374,813,738,94,1241,106,1803,6959,376,1307,6,6,366,1185,130,13
2020-08-09,100,2947,1344,0,816,8373,431,0,100,73,6229,3169,0,231,506,573,1382,1041,0,404,2653,329,922,16,535,797,0,0,527,63,1452,91,141,13,344,150,811,515,879,486,262,760,697,74,975,128,2127,4879,376,897,19,5,195,622,131,37
2020-08-10,66,1686,645,0,600,7751,336,247,54,59,4155,2429,6,152,282,176,1319,664,1092,272,562,275,755,7,580,618,2575,1,476,65,626,117,187,9,258,200,742,476,883,397,216,601,700,28,724,58,1202,4455,263,663,0,3,803,521,60,-8
2020-08-11,50,831,383,0,1214,12500,379,117,89,65,5831,3563,16,140,258,429,1549,870,0,539,1164,392,585,1,907,323,981,0,644,87,1051,171,264,21,444,129,548,667,1095,765,286,828,582,119,971,50,1001,9803,362,996,29,10,683,767,121,31
2020-08-12,66,935,703,0,706,11645,402,22,63,0,8109,3565,15,320,477,495,1645,660,817,1152,1179,293,541,20,476,464,1595,0,1081,164,1166,87,334,26,463,199,528,700,1422,670,248,849,671,76,844,102,1478,6200,338,776,63,6,601,531,133,13
2020-08-13,95,771,652,0,1351,7085,315,76,65,268,6236,2515,28,354,530,538,1834,1043,0,741,1135,319,776,19,1167,690,1267,0,612,139,1763,200,214,34,656,173,602,737,1178,705,278,991,372,111,935,82,2118,6755,334,1101,43,6,606,968,143,33
2020-08-14,119,752,626,0,927,7934,463,115,94,373,6148,3227,25,0,596,498,2296,1067,1338,612,1298,212,715,26,868,730,1473,1,944,134,1346,152,416,0,570,171,1099,727,1131,794,313,829,682,95,932,127,1947,7018,552,1216,22,17,623,1059,123,64
2020-08-15,85,1271,-400,0,933,12614,319,0,41,56,6352,3273,0,231,861,542,1828,1044,0,632,0,366,818,29,1058,690,1127,0,825,118,1536,123,328,59,278,173,859,734,1117,901,405,850,567,104,1041,94,1289,8245,345,912,30,8,345,866,183,44
2020-08-16,106,853,673,0,883,7873,300,0,61,55,3779,1862,14,282,635,304,1562,739,0,385,1181,303,519,24,477,739,1078,0,381,91,1246,143,253,8,13,142,697,607,613,544,244,660,311,75,615,156,1961,6744,331,937,7,6,150,699,107,59
2020-08-17,50,571,412,0,468,6469,338,370,53,85,2678,1831,42,217,294,183,1773,591,1282,376,567,213,503,29,490,564,1148,3,276,42,564,59,131,16,312,106,662,408,775,369,189,384,754,58,456,86,1036,7368,242,734,19,12,640,469,68,45
2020-08-18,67,1357,410,0,915,4636,194,-12,52,57,3838,2816,19,173,229,282,1740,841,0,608,640,175,520,16,654,345,794,1,795,54,1263,134,191,13,331,92,672,655,861,615,225,735,953,120,719,83,1034,7282,263,861,36,3,598,709,99,32
2020-08-19,70,1117,729,0,637,6164,261,59,29,50,4115,2305,22,394,337,384,2295,489,723,627,778,827,414,21,688,557,1258,0,1348,110,1153,188,262,19,329,79,389,631,958,597,194,570,221,103,739,123,2022,7024,364,737,32,3,563,710,70,67
2020-08-20,85,971,549,0,723,5920,270,118,55,75,4555,2759,105,235,727,370,1832,941,0,700,918,313,580,19,527,690,1058,0,894,116,1972,274,215,14,100,170,556,601,1122,746,295,791,209,76,909,125,1375,5303,461,863,41,4,443,769,181,38
2020-08-21,71,321,887,0,619,5585,329,87,60,52,4684,2889,63,0,991,424,2293,1040,966,639,899,488,670,32,0,825,1231,0,874,144,2008,231,308,0,290,202,849,709,1043,1077,256,693,703,151,1058,193,1669,5021,463,978,63,4,441,848,84,56
2020-08-22,91,1762,547,0,996,6556,356,0,65,58,4311,2592,0,228,729,249,2356,1000,0,0,0,144,624,32,1426,734,1293,0,945,160,1729,256,278,42,419,144,636,653,1119,853,289,796,731,153,917,251,1239,5559,369,1212,28,12,184,975,119,19
2020-08-23,64,528,375,0,208,6777,297,0,56,67,2974,1727,53,284,540,293,1893,615,0,1264,1223,0,579,18,764,717,818,0,626,53,1472,139,154,15,258,207,532,572,637,566,227,619,319,88,693,141,1854,4398,301,894,0,4,61,479,87,36
2020-08-24,70,1650,320,0,311,4946,260,492,49,47,2258,2304,87,244,358,191,1612,1660,1545,370,623,662,567,21,878,714,869,0,511,60,1283,126,109,27,225,94,409,408,849,357,218,426,722,39,563,149,667,2847,249,664,24,9,22,414,40,24
2020-08-25,38,532,480,0,859,4480,198,29,45,20,2673,2101,77,384,661,217,1680,829,0,669,550,398,377,12,951,409,692,0,801,135,1345,234,158,16,302,73,403,629,844,650,236,561,102,70,937,134,813,6346,403,1005,14,6,0,687,83,31
2020-08-26,53,2012,649,0,186,6004,459,180,38,24,3220,2236,136,0,941,405,2157,938,1536,662,1545,336,440,21,843,529,1426,0,904,161,1244,234,301,9,285,66,253,566,1089,666,180,501,24,82,605,292,1936,5407,407,823,32,5,24,786,145,50
2020-08-27,82,1769,722,0,680,4430,193,130,72,-10,3269,2484,112,276,1551,305,1707,1145,0,748,677,368,577,25,863,1154,1512,0,585,144,2091,333,379,35,307,197,554,791,1244,712,190,620,639,135,505,343,1826,5600,383,0,22,9,456,912,93,38
2020-08-28,122,1162,838,0,519,5329,350,145,57,107,3815,2298,55,306,1185,342,2434,809,1111,779,606,460,601,22,793,850,1418,0,599,134,1415,312,374,22,358,188,632,636,1296,710,293,835,605,94,1353,323,1636,4031,391,2134,23,3,542,864,191,41
2020-08-29,112,1704,795,0,629,4981,430,0,74,266,3197,2386,60,264,778,262,1880,1121,0,820,0,446,630,53,0,1017,1198,2,735,188,2585,373,335,30,349,122,609,635,1216,1093,239,843,562,174,1298,425,1465,4762,458,1217,43,16,598,862,143,21
2020-08-30,51,1346,478,0,374,6070,268,0,34,-6,2583,1215,0,309,971,293,1992,879,0,455,1624,199,497,23,1390,932,1465,0,647,89,1051,221,317,8,291,136,447,698,922,667,261,670,298,46,1075,380,835,3824,448,938,11,11,1019,570,143,36
2020-08-31,39,823,368,0,174,4176,182,384,33,86,1885,1498,48,200,608,190,1668,883,1564,364,326,304,458,14,499,675,1042,0,274,81,1186,114,293,21,349,105,320,656,895,713,159,521,351,46,668,187,1818,2615,253,847,5,8,0,268,140,22
2020-09-01,35,1558,273,0,507,3712,201,127,57,106,7569,2226,52,133,591,221,1492,695,0,789,689,355,614,22,795,491,1058,1,634,88,2111,194,241,22,330,69,405,754,1453,666,233,770,222,53,854,240,1396,4364,296,1021,5,11,315,1036,257,24
2020-09-02,73,623,615,0,519,4255,351,102,28,14,2402,1916,47,181,726,280,2128,859,1328,806,1151,-7757,456,19,648,730,1458,0,781,182,1129,266,287,0,305,108,239,708,1157,719,129,816,582,76,657,254,1502,4334,419,927,4,2,304,578,135,45
2020-09-03,106,1046,1392,0,1092,5125,244,101,58,104,3571,2675,66,338,878,296,1360,1104,0,894,813,415,693,50,774,1038,1397,0,751,180,1656,359,421,50,378,152,351,889,1345,909,261,1160,195,65,1193,334,1715,3680,504,1126,1,0,438,740,203,28
2020-09-04,130,1108,1174,0,728,5106,268,156,51,99,3198,2066,59,211,1091,263,5594,1030,1280,792,822,212,819,15,1053,843,1605,0,823,148,2045,342,474,21,449,200,489,864,1332,1013,265,891,43,100,1629,259,1051,5482,513,1111,6,5,479,1542,192,50
2020-09-05,98,1410,548,0,835,4956,368,0,52,140,3656,2194,52,271,1028,269,2806,1077,0,787,0,438,776,35,896,914,1987,1,539,145,1561,356,192,56,325,90,390,801,1341,1147,255,963,251,241,964,293,1765,4486,433,948,17,5,479,999,252,17
2020-09-06,89,511,0,0,250,4905,334,0,41,151,2564,1651,0,220,649,281,1403,843,0,310,1395,366,512,15,0,707,1232,0,410,100,1086,299,144,23,311,146,508,729,773,420,188,691,41,35,663,220,1764,2995,388,1199,14,1,501,890,123,26
2020-09-07,34,659,1054,0,198,3091,285,0,36,206,1838,608,0,162,393,190,1381,590,1694,290,309,229,764,19,1212,638,906,0,242,52,1018,171,81,29,332,59,357,520,778,613,146,547,842,53,655,191,983,2060,373,645,9,3,399,575,163,0
2020-09-08,34,633,477,0,81,2676,213,417,47,59,1823,1543,42,104,455,74,1392,386,0,255,256,171,356,12,499,383,773,1,249,65,716,75,89,18,277,37,137,557,656,833,165,496,129,20,301,103,645,1421,326,836,1,3,0,749,86,71
2020-09-09,66,811,498,0,496,1616,187,89,25,0,2056,1937,45,197,364,240,1337,705,496,658,1561,181,336,21,961,260,1362,0,426,87,897,238,502,0,323,37,154,576,973,876,116,931,3,84,305,168,833,4000,314,882,0,2,774,913,147,48
2020-09-10,125,1148,548,0,461,3338,246,222,25,158,2583,1836,88,98,902,329,1953,758,0,795,464,403,503,26,983,381,1116,0,517,195,1222,333,440,79,424,87,288,757,1121,771,183,587,772,106,379,263,1650,4018,346,1236,6,5,458,1592,209,48
2020-09-11,109,1138,1180,0,521,3326,265,233,81,0,3650,1658,17,169,728,307,2312,1262,976,932,755,440,646,32,1405,467,1569,0,853,122,1532,241,456,47,474,161,260,880,1240,942,211,1008,302,123,2454,283,1622,3547,656,1115,4,7,544,1443,157,65
2020-09-12,107,943,727,0,605,4107,307,0,59,260,3190,2124,28,170,573,333,2121,1056,0,711,0,554,809,42,807,872,1974,1,445,140,1454,467,468,32,449,134,414,849,1242,1017,291,920,511,94,932,320,1032,4233,572,1300,10,9,465,1430,347,33
2020-09-13,62,1109,509,0,384,4625,415,0,40,123,2423,1409,0,129,784,217,1462,1243,0,530,1281,286,577,29,0,723,1613,0,254,96,1196,426,267,44,297,98,317,725,837,695,181,76,288,99,1886,201,933,1845,628,874,9,7,350,1624,178,49
2020-09-14,77,704,408,0,213,2855,417,569,30,88,1736,1023,36,112,386,112,1373,736,1513,337,492,254,536,40,1229,638,1332,1,144,86,845,254,227,18,334,100,277,583,1079,869,147,1182,370,32,816,163,2450,4011,563,757,1,12,312,818,121,46
2020-09-15,43,701,730,0,484,2235,375,136,65,200,3116,1496,39,79,401,253,1466,689,0,718,371,313,599,15,682,402,1317,0,505,137,1106,233,307,34,436,81,226,766,1001,1091,178,1151,422,120,790,193,957,5301,562,943,4,6,327,1441,156,46
2020-09-16,52,927,862,0,698,2950,400,135,56,97,2355,2223,47,65,803,278,1941,580,971,764,612,306,643,23,773,462,1191,0,711,187,1137,269,328,32,388,81,208,652,1033,970,188,776,112,108,652,297,1856,6026,747,845,7,0,347,1502,220,128
2020-09-17,106,670,992,0,1753,3238,587,220,47,84,3255,1847,32,102,948,283,2056,837,0,606,478,429,631,21,980,909,1747,1,701,216,1552,390,449,34,569,118,347,896,1067,1034,0,933,583,130,1324,395,1053,4047,911,1101,6,3,386,2134,234,86
2020-09-18,116,1106,871,0,1282,3630,459,141,62,48,3204,1834,29,159,1183,396,2223,1037,1415,758,979,454,543,43,778,1085,1795,0,0,224,1443,507,502,47,487,158,501,790,1011,1249,492,760,817,132,872,389,2357,3422,1117,1242,4,1,404,2580,253,95
2020-09-19,87,1301,1078,0,609,4304,605,0,50,83,3573,2284,43,137,847,470,2529,1076,0,978,0,599,682,30,587,914,1387,0,1152,292,1229,377,466,59,461,151,323,986,951,1237,257,1162,1309,178,922,369,942,3827,1077,953,0,4,0,2403,191,33
2020-09-20,93,798,563,0,467,4265,606,0,53,117,2521,1134,0,109,621,288,1402,746,0,436,936,359,412,44,0,1296,1328,6,277,136,1333,351,410,27,453,162,385,862,762,1003,202,733,845,82,468,252,2075,2466,920,856,27,5,597,1735,180,91
2020-09-21,71,818,641,0,233,3294,501,497,23,101,1685,1184,30,77,660,244,1477,522,1674,375,243,256,412,27,1575,925,1463,1,192,130,800,286,286,5,392,67,232,573,856,1101,194,234,638,52,416,173,895,9853,622,627,0,4,349,1296,117,73
2020-09-22,48,804,617,0,595,2630,542,136,43,94,2470,882,43,56,548,410,1531,599,0,814,752,173,344,40,695,480,1059,0,465,271,1168,264,305,38,426,104,262,754,685,1164,318,834,120,112,2665,320,739,17820,650,872,7,2,645,1739,213,72
2020-09-23,55,569,982,0,438,3146,654,155,29,69,2590,1457,45,63,1036,446,1848,711,1267,786,616,543,385,25,902,678,1580,0,552,212,952,473,397,17,408,107,509,665,903,1089,190,898,64,133,897,445,1561,3392,877,580,2,1,0,1895,120,153
2020-09-24,0,1053,1086,0,568,3170,616,157,56,117,2541,1368,28,167,1148,396,2257,899,0,641,577,481,503,44,1078,912,1365,0,737,330,1688,470,493,37,564,197,390,955,991,1083,362,853,1182,134,1021,463,835,4320,1198,902,12,2,509,2478,202,136
2020-09-25,261,2452,897,0,515,3400,548,115,57,138,2847,1468,23,90,974,491,2805,1171,1366,908,706,488,559,20,1040,1177,1987,0,722,322,6142,434,453,0,548,237,556,908,1150,1276,449,806,1063,-130,1195,457,1910,4633,1411,941,6,7,536,2629,247,115
2020-09-26,113,933,809,0,459,4197,709,0,52,71,2795,1359,68,132,899,523,2441,1142,0,970,0,569,613,25,996,1470,1716,0,645,343,1759,495,431,77,750,263,602,1005,1115,990,267,1029,508,103,1371,579,1437,4886,1017,975,0,8,988,2902,205,45
2020-09-27,116,730,487,0,411,4071,584,0,35,104,1882,812,0,127,692,539,1604,901,0,455,923,592,431,28,0,1075,1392,1,182,200,1290,344,434,51,698,205,373,866,800,0,239,918,891,114,614,408,2104,1694,1068,736,21,3,604,2247,190,168
2020-09-28,118,662,807,0,273,2955,569,560,14,129,738,596,36,98,366,205,1709,872,2037,448,240,430,477,12,1329,904,1280,0,190,306,868,259,467,36,559,152,463,834,993,1684,174,676,1118,26,568,197,737,4611,827,449,0,3,439,1739,164,121
2020-09-29,125,571,706,0,674,2162,411,182,36,142,3266,1025,53,87,474,422,1362,744,0,917,533,512,431,37,1118,809,76,0,589,311,889,418,515,25,456,141,404,1189,1105,1025,297,988,1045,132,1179,259,879,3541,694,923,1,4,369,2447,180,67
2020-09-30,106,1147,942,0,323,3200,535,221,26,82,1948,1720,45,87,1120,511,2273,953,1120,984,610,532,414,54,1194,687,1351,0,552,347,1495,445,466,33,712,172,385,1000,1080,980,218,1153,288,192,308,392,1528,5683,906,755,0,3,404,2459,156,127
2020-10-01,132,1043,1124,0,705,3062,511,192,32,174,2628,1308,62,120,1038,614,2166,1157,0,888,551,754,785,40,998,1066,1799,0,696,429,2277,372,520,51,614,278,430,1382,1327,1170,353,1156,312,166,381,747,1293,3534,1008,450,5,3,480,3000,176,135
2020-10-02,128,954,958,0,551,3590,682,555,65,150,2660,1300,67,105,925,513,2456,1464,1362,999,817,761,712,37,984,1166,1485,3,672,355,1775,476,621,217,740,226,772,1598,1495,1190,301,1161,680,162,862,386,971,3503,1107,966,3,13,594,2825,283,131
2020-10-03,147,1682,746,0,636,2159,680,0,50,188,2787,1444,82,94,911,677,2442,1419,0,1274,0,672,597,18,1275,1421,1708,0,609,501,2202,440,792,63,947,339,526,1731,1157,1189,348,0,628,0,1706,464,1192,7006,1068,1116,0,10,694,3054,161,151
